"School District Tuition Rates",,,,
"Based on the 2007-2008 School Year Operations",,,,
"For Use During the 2008-2009 Fiscal Year",,,,
"Certified: April 2009",,,,
,,,,
"AUN","School District","County","Elementary","Secondary"
1-12-01-110-3,"BERMUDIAN SPRINGS SD","Adams                                             ",6550,7027
1-12-01-160-3,"CONEWAGO VALLEY SD","Adams                                             ",6940,7497
1-12-01-305-4,"FAIRFIELD AREA SD","Adams                                             ",7759,9106
1-12-01-375-3,"GETTYSBURG AREA SD","Adams                                             ",9141,10181
1-12-01-520-3,"LITTLESTOWN AREA SD","Adams                                             ",7811,8250
1-12-01-852-3,"UPPER ADAMS SD","Adams                                             ",8355,7686
1-02-02-745-1,"PITTSBURGH SD","Allegheny                                         ",12734,13354
1-03-02-060-3,"ALLEGHENY VALLEY SD","Allegheny                                         ",9938,10629
1-03-02-075-3,"AVONWORTH SD","Allegheny                                         ",8938,9319
1-03-02-100-3,"PINE-RICHLAND SD","Allegheny                                         ",8331,9506
1-03-02-110-2,"BALDWIN-WHITEHALL SD","Allegheny                                         ",7399,9996
1-03-02-125-2,"BETHEL PARK SD","Allegheny                                         ",10014,9749
1-03-02-145-3,"BRENTWOOD BOROUGH SD","Allegheny                                         ",10061,8738
1-03-02-160-3,"CARLYNTON SD","Allegheny                                         ",9181,10148
1-03-02-175-2,"CHARTIERS VALLEY SD","Allegheny                                         ",7847,8658
1-03-02-190-3,"CLAIRTON CITY SD","Allegheny                                         ",12008,12901
1-03-02-210-3,"CORNELL SD","Allegheny                                         ",10277,10863
1-03-02-225-3,"DEER LAKES SD","Allegheny                                         ",9578,10487
1-03-02-250-3,"DUQUESNE CITY SD","Allegheny                                         ",10270,15266
1-03-02-280-3,"EAST ALLEGHENY SD","Allegheny                                         ",8603,9169
1-03-02-315-3,"ELIZABETH FORWARD SD","Allegheny                                         ",7610,9273
1-03-02-391-2,"FOX CHAPEL AREA SD","Allegheny                                         ",10632,11894
1-03-02-410-2,"GATEWAY SD","Allegheny                                         ",9086,12582
1-03-02-460-3,"HAMPTON TOWNSHIP SD","Allegheny                                         ",8915,9110
1-03-02-475-3,"HIGHLANDS SD","Allegheny                                         ",8476,9165
1-03-02-500-2,"KEYSTONE OAKS SD","Allegheny                                         ",10807,10290
1-03-02-600-2,"MCKEESPORT AREA SD","Allegheny                                         ",8225,8483
1-03-02-630-3,"MONTOUR SD","Allegheny                                         ",8964,10101
1-03-02-634-3,"MOON AREA SD","Allegheny                                         ",10196,10226
1-03-02-640-2,"MT LEBANON SD","Allegheny                                         ",9730,11295
1-03-02-685-2,"NORTH ALLEGHENY SD","Allegheny                                         ",10061,10523
1-03-02-687-3,"NORTHGATE SD","Allegheny                                         ",9485,10041
1-03-02-690-2,"NORTH HILLS SD","Allegheny                                         ",10095,9830
1-03-02-735-2,"PENN HILLS SD","Allegheny                                         ",8551,10669
1-03-02-750-3,"PLUM BOROUGH SD","Allegheny                                         ",8005,8768
1-03-02-775-3,"QUAKER VALLEY SD","Allegheny                                         ",10972,14006
1-03-02-820-3,"RIVERVIEW SD","Allegheny                                         ",10352,9690
1-03-02-830-2,"SHALER AREA SD","Allegheny                                         ",9259,9565
1-03-02-865-3,"SOUTH ALLEGHENY SD","Allegheny                                         ",7676,7224
1-03-02-870-3,"SOUTH FAYETTE TOWNSHIP SD","Allegheny                                         ",8487,9923
1-03-02-875-3,"SOUTH PARK SD","Allegheny                                         ",7735,8817
1-03-02-883-3,"STEEL VALLEY SD","Allegheny                                         ",7555,9322
1-03-02-885-3,"STO-ROX SD","Allegheny                                         ",7825,11075
1-03-02-920-3,"UPPER SAINT CLAIR SD","Allegheny                                         ",10512,9523
1-03-02-940-3,"WEST ALLEGHENY SD","Allegheny                                         ",8281,9903
1-03-02-955-3,"WEST JEFFERSON HILLS SD","Allegheny                                         ",8949,8434
1-03-02-960-3,"WEST MIFFLIN AREA SD","Allegheny                                         ",8267,9485
1-03-02-980-3,"WILKINSBURG BOROUGH SD","Allegheny                                         ",11627,13823
1-03-02-990-2,"WOODLAND HILLS SD","Allegheny                                         ",8972,10524
1-28-03-060-3,"APOLLO-RIDGE SD","Armstrong                                         ",7174,9757
1-28-03-085-2,"ARMSTRONG SD","Armstrong                                         ",8580,10329
1-28-03-305-3,"FREEPORT AREA SD","Armstrong                                         ",7246,8060
1-28-03-450-3,"LEECHBURG AREA SD","Armstrong                                         ",9302,10040
1-27-04-050-3,"ALIQUIPPA SD","Beaver                                            ",12246,12745
1-27-04-070-3,"AMBRIDGE AREA SD","Beaver                                            ",8114,8623
1-27-04-120-3,"BEAVER AREA SD","Beaver                                            ",7539,7825
1-27-04-150-3,"BIG BEAVER FALLS AREA SD","Beaver                                            ",7660,9464
1-27-04-160-3,"BLACKHAWK SD","Beaver                                            ",8069,8230
1-27-04-190-3,"CENTER AREA SD","Beaver                                            ",7538,8829
1-27-04-285-3,"FREEDOM AREA SD","Beaver                                            ",7576,7864
1-27-04-410-3,"HOPEWELL AREA SD","Beaver                                            ",7733,8197
1-27-04-530-3,"MIDLAND BOROUGH SD","Beaver                                            ",8508,9191
1-27-04-545-3,"MONACA SD","Beaver                                            ",9464,9662
1-27-04-565-3,"NEW BRIGHTON AREA SD","Beaver                                            ",6736,8776
1-27-04-585-3,"RIVERSIDE BEAVER COUNTY SD","Beaver                                            ",8279,8784
1-27-04-690-3,"ROCHESTER AREA SD","Beaver                                            ",8951,9620
1-27-04-740-4,"SOUTH SIDE AREA SD","Beaver                                            ",10238,10931
1-27-04-930-3,"WESTERN BEAVER COUNTY SD","Beaver                                            ",7979,11311
1-08-05-100-3,"BEDFORD AREA SD","Bedford                                           ",6827,8475
1-08-05-150-3,"CHESTNUT RIDGE SD","Bedford                                           ",6481,7563
1-08-05-300-3,"EVERETT AREA SD","Bedford                                           ",7631,9737
1-08-05-600-4,"NORTHERN BEDFORD COUNTY SD","Bedford                                           ",6734,7941
1-08-05-800-3,"TUSSEY MOUNTAIN SD","Bedford                                           ",9221,6060
1-14-06-050-3,"ANTIETAM SD","Berks                                             ",7705,8728
1-14-06-075-3,"BOYERTOWN AREA SD","Berks                                             ",8083,8399
1-14-06-085-3,"BRANDYWINE HEIGHTS AREA SD","Berks                                             ",7958,11698
1-14-06-110-3,"CONRAD WEISER AREA SD","Berks                                             ",7992,8957
1-14-06-150-3,"DANIEL BOONE AREA SD","Berks                                             ",7657,7570
1-14-06-200-3,"EXETER TOWNSHIP SD","Berks                                             ",8763,8703
1-14-06-250-3,"FLEETWOOD AREA SD","Berks                                             ",7181,9247
1-14-06-300-3,"GOVERNOR MIFFLIN SD","Berks                                             ",8986,8766
1-14-06-350-3,"HAMBURG AREA SD","Berks                                             ",7443,8186
1-14-06-400-3,"KUTZTOWN AREA SD","Berks                                             ",11490,10738
1-14-06-550-3,"MUHLENBERG SD","Berks                                             ",8582,8220
1-14-06-650-3,"OLEY VALLEY SD","Berks                                             ",8287,10095
1-14-06-700-2,"READING SD","Berks                                             ",6217,6820
1-14-06-750-3,"SCHUYLKILL VALLEY SD","Berks                                             ",9839,8903
1-14-06-800-3,"TULPEHOCKEN AREA SD","Berks                                             ",9716,10117
1-14-06-810-3,"TWIN VALLEY SD","Berks                                             ",8327,8787
1-14-06-910-3,"WILSON  SD","Berks                                             ",8533,8765
1-14-06-935-3,"WYOMISSING AREA SD","Berks                                             ",9922,10966
1-08-07-050-2,"ALTOONA AREA SD","Blair                                             ",6210,7919
1-08-07-100-3,"BELLWOOD-ANTIS SD","Blair                                             ",7347,8275
1-08-07-150-4,"CLAYSBURG-KIMMEL SD","Blair                                             ",6371,8029
1-08-07-350-3,"HOLLIDAYSBURG AREA SD","Blair                                             ",7602,8720
1-08-07-750-3,"SPRING COVE SD","Blair                                             ",6717,7256
1-08-07-800-3,"TYRONE AREA SD","Blair                                             ",6991,7744
1-08-07-900-4,"WILLIAMSBURG COMMUNITY SD","Blair                                             ",7833,7951
1-17-08-050-3,"ATHENS AREA SD","Bradford                                          ",7776,10333
1-17-08-100-3,"CANTON AREA SD","Bradford                                          ",8533,9262
1-17-08-300-4,"NORTHEAST BRADFORD SD","Bradford                                          ",7999,9341
1-17-08-600-3,"SAYRE AREA SD","Bradford                                          ",8112,9582
1-17-08-650-3,"TOWANDA AREA SD","Bradford                                          ",8120,7317
1-17-08-665-3,"TROY AREA SD","Bradford                                          ",8131,8463
1-17-08-900-3,"WYALUSING AREA SD","Bradford                                          ",8280,8463
1-22-09-100-2,"BENSALEM TOWNSHIP SD","Bucks                                             ",12372,11766
1-22-09-130-3,"BRISTOL BOROUGH SD","Bucks                                             ",10044,10730
1-22-09-135-2,"BRISTOL TOWNSHIP SD","Bucks                                             ",10477,11952
1-22-09-200-2,"CENTENNIAL SD","Bucks                                             ",10921,10092
1-22-09-210-2,"CENTRAL BUCKS SD","Bucks                                             ",8814,8601
1-22-09-235-3,"COUNCIL ROCK SD","Bucks                                             ",11501,11213
1-22-09-720-3,"MORRISVILLE BOROUGH SD","Bucks                                             ",15021,15231
1-22-09-750-2,"NESHAMINY SD","Bucks                                             ",11753,14784
1-22-09-760-4,"NEW HOPE-SOLEBURY SD","Bucks                                             ",12706,15354
1-22-09-800-3,"PALISADES SD","Bucks                                             ",13079,10567
1-22-09-810-3,"PENNRIDGE SD","Bucks                                             ",8287,10373
1-22-09-820-2,"PENNSBURY SD","Bucks                                             ",10192,12410
1-22-09-840-3,"QUAKERTOWN COMMUNITY SD","Bucks                                             ",10783,11671
1-04-10-125-2,"BUTLER AREA SD","Butler                                            ",7429,6993
1-04-10-360-3,"KARNS CITY AREA SD","Butler                                            ",7307,8482
1-04-10-500-3,"MARS AREA SD","Butler                                            ",6901,7653
1-04-10-535-3,"MONITEAU SD","Butler                                            ",8034,7348
1-04-10-750-3,"SLIPPERY ROCK AREA SD","Butler                                            ",7465,7308
1-04-10-780-3,"SOUTH BUTLER COUNTY SD","Butler                                            ",6405,7400
1-04-10-790-3,"SENECA VALLEY SD","Butler                                            ",7731,8561
1-08-11-060-3,"BLACKLICK VALLEY SD","Cambria                                           ",9206,8654
1-08-11-120-3,"CAMBRIA HEIGHTS SD","Cambria                                           ",7573,9215
1-08-11-130-3,"CENTRAL CAMBRIA SD","Cambria                                           ",7445,7343
1-08-11-140-3,"CONEMAUGH VALLEY SD","Cambria                                           ",7117,7688
1-08-11-200-3,"FERNDALE AREA SD","Cambria                                           ",7206,8188
1-08-11-220-3,"FOREST HILLS SD","Cambria                                           ",6622,7504
1-08-11-250-2,"GREATER JOHNSTOWN SD","Cambria                                           ",5584,8403
1-08-11-450-3,"NORTHERN CAMBRIA SD","Cambria                                           ",8198,9315
1-08-11-600-3,"PENN CAMBRIA SD","Cambria                                           ",7041,8268
1-08-11-630-3,"PORTAGE AREA SD","Cambria                                           ",7321,8133
1-08-11-650-3,"RICHLAND SD","Cambria                                           ",6326,7345
1-08-11-850-3,"WESTMONT HILLTOP SD","Cambria                                           ",7241,7979
1-09-12-270-3,"CAMERON COUNTY SD","Cameron                                           ",9336,9222
1-21-13-500-3,"JIM THORPE AREA SD","Carbon                                            ",7570,6119
1-21-13-550-3,"LEHIGHTON AREA SD","Carbon                                            ",7840,8140
1-21-13-650-3,"PALMERTON AREA SD","Carbon                                            ",7970,8069
1-21-13-660-3,"PANTHER VALLEY SD","Carbon                                            ",7583,6352
1-21-13-900-4,"WEATHERLY AREA SD","Carbon                                            ",10214,9152
1-10-14-100-3,"BALD EAGLE AREA SD","Centre                                            ",8691,8173
1-10-14-110-3,"BELLEFONTE AREA SD","Centre                                            ",8091,9537
1-10-14-700-3,"PENNS VALLEY AREA SD","Centre                                            ",7726,9219
1-10-14-800-2,"STATE COLLEGE AREA SD","Centre                                            ",10155,10317
1-24-15-050-3,"AVON GROVE SD","Chester                                           ",7419,8413
1-24-15-190-2,"COATESVILLE AREA SD","Chester                                           ",11755,11777
1-24-15-200-3,"DOWNINGTOWN AREA SD","Chester                                           ",7774,9600
1-24-15-350-3,"GREAT VALLEY SD","Chester                                           ",12213,11520
1-24-15-400-3,"KENNETT CONSOLIDATED SD","Chester                                           ",10542,9949
1-24-15-650-3,"OCTORARA AREA SD","Chester                                           ",9507,10133
1-24-15-660-3,"OWEN J ROBERTS SD","Chester                                           ",9855,9513
1-24-15-670-3,"OXFORD AREA SD","Chester                                           ",7531,8213
1-24-15-720-3,"PHOENIXVILLE AREA SD","Chester                                           ",13410,13038
1-24-15-780-2,"TREDYFFRIN-EASTTOWN SD","Chester                                           ",9824,14247
1-24-15-850-3,"UNIONVILLE-CHADDS FORD SD","Chester                                           ",11409,11384
1-24-15-900-2,"WEST CHESTER AREA SD","Chester                                           ",10366,10992
1-06-16-030-3,"ALLEGHENY-CLARION VALLEY SD","Clarion                                           ",8338,7986
1-06-16-120-3,"CLARION AREA SD","Clarion                                           ",8374,8785
1-06-16-170-3,"CLARION-LIMESTONE AREA SD","Clarion                                           ",7786,7897
1-06-16-650-3,"KEYSTONE  SD","Clarion                                           ",7829,8468
1-06-16-750-4,"NORTH CLARION COUNTY SD","Clarion                                           ",8451,8940
1-06-16-800-3,"REDBANK VALLEY SD","Clarion                                           ",8469,8041
1-06-16-900-3,"UNION SD","Clarion                                           ",9898,9836
1-06-17-200-3,"DUBOIS AREA SD","Clearfield                                        ",8305,8309
1-10-17-100-3,"CLEARFIELD AREA SD","Clearfield                                        ",8000,8336
1-10-17-180-3,"CURWENSVILLE AREA SD","Clearfield                                        ",7511,8210
1-10-17-300-3,"GLENDALE SD","Clearfield                                        ",7864,8835
1-10-17-350-4,"HARMONY AREA SD","Clearfield                                        ",8741,9819
1-10-17-500-3,"MOSHANNON VALLEY SD","Clearfield                                        ",7962,7455
1-10-17-700-3,"PHILIPSBURG-OSCEOLA AREA SD","Clearfield                                        ",7153,9067
1-10-17-900-3,"WEST BRANCH AREA SD","Clearfield                                        ",7742,7262
1-10-18-360-2,"KEYSTONE CENTRAL SD","Clinton                                           ",8972,9349
1-16-19-100-4,"BENTON AREA SD","Columbia                                          ",7918,8756
1-16-19-110-3,"BERWICK AREA SD","Columbia                                          ",6873,9503
1-16-19-120-3,"BLOOMSBURG AREA SD","Columbia                                          ",6900,7959
1-16-19-150-3,"CENTRAL COLUMBIA SD","Columbia                                          ",7173,7552
1-16-19-500-4,"MILLVILLE AREA SD","Columbia                                          ",8843,10717
1-16-19-750-3,"SOUTHERN COLUMBIA AREA SD","Columbia                                          ",7111,7934
1-05-20-103-3,"CONNEAUT SD","Crawford                                          ",6886,8092
1-05-20-135-2,"CRAWFORD CENTRAL SD","Crawford                                          ",7347,8051
1-05-20-470-3,"PENNCREST SD","Crawford                                          ",7506,8318
1-15-21-050-3,"BIG SPRING SD","Cumberland                                        ",7275,9117
1-15-21-100-3,"CAMP HILL SD","Cumberland                                        ",8581,10362
1-15-21-110-3,"CARLISLE AREA SD","Cumberland                                        ",7814,8415
1-15-21-160-3,"CUMBERLAND VALLEY SD","Cumberland                                        ",7790,7854
1-15-21-250-3,"EAST PENNSBORO AREA SD","Cumberland                                        ",7684,7885
1-15-21-650-3,"MECHANICSBURG AREA SD","Cumberland                                        ",8729,8542
1-15-21-800-3,"SHIPPENSBURG AREA SD","Cumberland                                        ",6849,7528
1-15-21-830-3,"SOUTH MIDDLETON SD","Cumberland                                        ",8155,8317
1-15-22-140-2,"CENTRAL DAUPHIN SD","Dauphin                                           ",8491,9491
1-15-22-175-3,"DERRY TOWNSHIP SD","Dauphin                                           ",9378,9830
1-15-22-250-4,"HALIFAX AREA SD","Dauphin                                           ",7704,10070
1-15-22-275-2,"HARRISBURG CITY SD","Dauphin                                           ",9356,9609
1-15-22-400-3,"LOWER DAUPHIN SD","Dauphin                                           ",8516,8062
1-15-22-600-3,"MIDDLETOWN AREA SD","Dauphin                                           ",8750,9906
1-15-22-610-3,"MILLERSBURG AREA SD","Dauphin                                           ",8649,9494
1-15-22-800-3,"STEELTON-HIGHSPIRE SD","Dauphin                                           ",7960,9456
1-15-22-830-3,"SUSQUEHANNA TOWNSHIP SD","Dauphin                                           ",8466,7691
1-15-22-900-3,"UPPER DAUPHIN AREA SD","Dauphin                                           ",8896,9740
1-25-23-123-2,"CHESTER-UPLAND SD","Delaware                                          ",9207,7776
1-25-23-130-3,"CHICHESTER SD","Delaware                                          ",11245,10654
1-25-23-410-3,"GARNET VALLEY SD","Delaware                                          ",10221,11912
1-25-23-450-2,"HAVERFORD TOWNSHIP SD","Delaware                                          ",9600,10005
1-25-23-510-3,"INTERBORO SD","Delaware                                          ",10318,9366
1-25-23-550-2,"MARPLE NEWTOWN SD","Delaware                                          ",12607,12150
1-25-23-690-3,"PENN-DELCO SD","Delaware                                          ",9005,9349
1-25-23-760-3,"RADNOR TOWNSHIP SD","Delaware                                          ",14258,14030
1-25-23-770-2,"RIDLEY SD","Delaware                                          ",10033,10539
1-25-23-790-3,"ROSE TREE MEDIA SD","Delaware                                          ",13137,12213
1-25-23-840-2,"SOUTHEAST DELCO SD","Delaware                                          ",10565,7626
1-25-23-850-2,"SPRINGFIELD SD","Delaware                                          ",11659,11174
1-25-23-945-2,"UPPER DARBY SD","Delaware                                          ",8859,8416
1-25-23-960-3,"WALLINGFORD-SWARTHMORE SD","Delaware                                          ",10851,12807
1-25-23-965-2,"WILLIAM PENN SD","Delaware                                          ",9143,9807
1-09-24-350-3,"JOHNSONBURG AREA SD","Elk                                               ",8523,9334
1-09-24-600-3,"RIDGWAY AREA SD","Elk                                               ",8656,9571
1-09-24-800-3,"SAINT MARYS AREA SD","Elk                                               ",6471,7274
1-05-25-145-3,"CORRY AREA SD","Erie                                              ",7962,7755
1-05-25-260-2,"ERIE CITY SD","Erie                                              ",7225,8442
1-05-25-330-3,"FAIRVIEW SD","Erie                                              ",6705,9347
1-05-25-355-3,"FORT LEBOEUF SD","Erie                                              ",5849,6924
1-05-25-390-3,"GENERAL MCLANE SD","Erie                                              ",7539,8115
1-05-25-405-3,"GIRARD SD","Erie                                              ",7109,7109
1-05-25-435-3,"HARBOR CREEK SD","Erie                                              ",7512,8484
1-05-25-655-3,"IROQUOIS SD","Erie                                              ",6768,8054
1-05-25-760-2,"MILLCREEK TOWNSHIP SD","Erie                                              ",7275,7540
1-05-25-830-3,"NORTH EAST SD","Erie                                              ",7534,7527
1-05-25-850-3,"NORTHWESTERN  SD","Erie                                              ",6753,6765
1-05-25-910-3,"UNION CITY AREA SD","Erie                                              ",7173,8884
1-05-25-970-3,"WATTSBURG AREA SD","Erie                                              ",8237,7894
1-01-26-030-3,"ALBERT GALLATIN AREA SD","Fayette                                           ",6800,8126
1-01-26-080-3,"BROWNSVILLE AREA SD","Fayette                                           ",7847,9439
1-01-26-130-2,"CONNELLSVILLE AREA SD","Fayette                                           ",7101,8426
1-01-26-290-3,"FRAZIER SD","Fayette                                           ",7678,9612
1-01-26-400-3,"LAUREL HIGHLANDS SD","Fayette                                           ",7354,8017
1-01-26-800-3,"UNIONTOWN AREA SD","Fayette                                           ",7558,7708
1-06-27-200-3,"FOREST AREA SD","Forest                                            ",11284,12146
1-12-28-130-2,"CHAMBERSBURG AREA SD","Franklin                                          ",7728,8657
1-12-28-200-4,"FANNETT-METAL SD","Franklin                                          ",6760,8096
1-12-28-300-3,"GREENCASTLE-ANTRIM SD","Franklin                                          ",6738,8732
1-12-28-600-3,"TUSCARORA SD","Franklin                                          ",6662,8127
1-12-28-900-3,"WAYNESBORO AREA SD","Franklin                                          ",6609,6989
1-11-29-130-4,"CENTRAL FULTON SD","Fulton                                            ",8223,9856
1-11-29-230-4,"FORBES ROAD SD","Fulton                                            ",8794,9793
1-11-29-750-4,"SOUTHERN FULTON SD","Fulton                                            ",6284,6913
1-01-30-130-3,"CARMICHAELS AREA SD","Greene                                            ",7407,8398
1-01-30-140-3,"CENTRAL GREENE SD","Greene                                            ",8635,8357
1-01-30-350-3,"JEFFERSON-MORGAN SD","Greene                                            ",8643,11167
1-01-30-650-3,"SOUTHEASTERN GREENE SD","Greene                                            ",6974,9249
1-01-30-850-3,"WEST GREENE SD","Greene                                            ",9570,10568
1-11-31-250-3,"HUNTINGDON AREA SD","Huntingdon                                        ",6534,7998
1-11-31-280-4,"JUNIATA VALLEY SD","Huntingdon                                        ",7846,8237
1-11-31-600-3,"MOUNT UNION AREA SD","Huntingdon                                        ",6386,7199
1-11-31-750-3,"SOUTHERN HUNTINGDON COUNTY SD","Huntingdon                                        ",6725,7981
1-28-32-110-3,"BLAIRSVILLE-SALTSBURG SD","Indiana                                           ",8705,9736
1-28-32-330-3,"HOMER-CENTER SD","Indiana                                           ",9093,10223
1-28-32-370-3,"INDIANA AREA SD","Indiana                                           ",10015,10961
1-28-32-520-3,"MARION CENTER AREA SD","Indiana                                           ",9464,10385
1-28-32-630-3,"PENNS MANOR AREA SD","Indiana                                           ",9417,10291
1-28-32-730-3,"PURCHASE LINE SD","Indiana                                           ",9414,10324
1-28-32-800-3,"UNITED SD","Indiana                                           ",9344,10230
1-06-33-070-3,"BROCKWAY AREA SD","Jefferson                                         ",7975,8238
1-06-33-080-3,"BROOKVILLE AREA SD","Jefferson                                         ",7787,8318
1-06-33-800-3,"PUNXSUTAWNEY AREA SD","Jefferson                                         ",8160,8958
1-11-34-360-3,"JUNIATA COUNTY SD","Juniata                                           ",6623,6893
1-19-35-030-3,"ABINGTON HEIGHTS SD","Lackawanna                                        ",8681,8594
1-19-35-130-3,"CARBONDALE AREA SD","Lackawanna                                        ",7198,7957
1-19-35-220-3,"DUNMORE SD","Lackawanna                                        ",6529,6719
1-19-35-460-3,"LAKELAND SD","Lackawanna                                        ",6294,6675
1-19-35-550-3,"MID VALLEY SD","Lackawanna                                        ",6989,7920
1-19-35-650-3,"NORTH POCONO SD","Lackawanna                                        ",6847,8590
1-19-35-660-3,"OLD FORGE SD","Lackawanna                                        ",7833,9346
1-19-35-700-3,"RIVERSIDE  SD","Lackawanna                                        ",8635,10878
1-19-35-740-2,"SCRANTON SD","Lackawanna                                        ",7863,9790
1-19-35-840-3,"VALLEY VIEW SD","Lackawanna                                        ",6136,7263
1-13-36-130-3,"COCALICO SD","Lancaster                                         ",7852,8996
1-13-36-150-3,"COLUMBIA BOROUGH SD","Lancaster                                         ",8046,9188
1-13-36-170-3,"CONESTOGA VALLEY SD","Lancaster                                         ",8062,8814
1-13-36-220-3,"DONEGAL SD","Lancaster                                         ",7701,8469
1-13-36-230-3,"EASTERN LANCASTER COUNTY SD","Lancaster                                         ",7143,8324
1-13-36-240-3,"ELIZABETHTOWN AREA SD","Lancaster                                         ",7780,8086
1-13-36-260-3,"EPHRATA AREA SD","Lancaster                                         ",8556,9059
1-13-36-310-3,"HEMPFIELD  SD","Lancaster                                         ",8703,9011
1-13-36-360-3,"LAMPETER-STRASBURG SD","Lancaster                                         ",8514,8946
1-13-36-400-2,"LANCASTER SD","Lancaster                                         ",7743,10031
1-13-36-440-3,"MANHEIM CENTRAL SD","Lancaster                                         ",8011,8469
1-13-36-450-3,"MANHEIM TOWNSHIP SD","Lancaster                                         ",8442,8591
1-13-36-520-3,"PENN MANOR SD","Lancaster                                         ",7693,7729
1-13-36-530-3,"PEQUEA VALLEY SD","Lancaster                                         ",8647,9413
1-13-36-700-3,"SOLANCO SD","Lancaster                                         ",6712,7349
1-13-36-900-3,"WARWICK SD","Lancaster                                         ",7888,8175
1-04-37-200-3,"ELLWOOD CITY AREA SD","Lawrence                                          ",7451,7597
1-04-37-400-3,"LAUREL  SD","Lawrence                                          ",7277,7899
1-04-37-500-3,"MOHAWK AREA SD","Lawrence                                          ",7382,7499
1-04-37-520-3,"NESHANNOCK TOWNSHIP SD","Lawrence                                          ",7572,8245
1-04-37-530-2,"NEW CASTLE AREA SD","Lawrence                                          ",7185,7960
1-04-37-620-3,"SHENANGO AREA SD","Lawrence                                          ",7375,7677
1-04-37-700-3,"UNION AREA SD","Lawrence                                          ",7071,7838
1-04-37-800-3,"WILMINGTON AREA SD","Lawrence                                          ",6633,6839
1-13-38-030-3,"ANNVILLE-CLEONA SD","Lebanon                                           ",8115,8963
1-13-38-130-3,"CORNWALL-LEBANON SD","Lebanon                                           ",8271,8054
1-13-38-230-3,"EASTERN LEBANON COUNTY SD","Lebanon                                           ",7508,8116
1-13-38-460-3,"LEBANON SD","Lebanon                                           ",7693,8398
1-13-38-500-3,"NORTHERN LEBANON SD","Lebanon                                           ",8127,7928
1-13-38-530-3,"PALMYRA AREA SD","Lebanon                                           ",6743,7380
1-21-39-030-2,"ALLENTOWN CITY SD","Lehigh                                            ",6890,8240
1-21-39-130-3,"CATASAUQUA AREA SD","Lehigh                                            ",10587,10939
1-21-39-230-3,"EAST PENN SD","Lehigh                                            ",7930,9397
1-21-39-450-3,"NORTHERN LEHIGH SD","Lehigh                                            ",8094,9421
1-21-39-460-3,"NORTHWESTERN LEHIGH SD","Lehigh                                            ",9501,10339
1-21-39-510-3,"PARKLAND SD","Lehigh                                            ",9092,8830
1-21-39-560-3,"SALISBURY TOWNSHIP SD","Lehigh                                            ",11071,9875
1-21-39-570-3,"SOUTHERN LEHIGH SD","Lehigh                                            ",9333,9532
1-21-39-780-3,"WHITEHALL-COPLAY SD","Lehigh                                            ",7742,7899
1-18-40-140-3,"CRESTWOOD SD","Luzerne                                           ",6707,6980
1-18-40-160-3,"DALLAS SD","Luzerne                                           ",6981,8091
1-18-40-260-3,"GREATER NANTICOKE AREA SD","Luzerne                                           ",5485,7041
1-18-40-300-3,"HANOVER AREA SD","Luzerne                                           ",7796,8984
1-18-40-330-2,"HAZLETON AREA SD","Luzerne                                           ",6011,5975
1-18-40-390-3,"LAKE-LEHMAN SD","Luzerne                                           ",7696,7768
1-18-40-600-3,"NORTHWEST AREA SD","Luzerne                                           ",7776,8282
1-18-40-660-2,"PITTSTON AREA SD","Luzerne                                           ",7330,7690
1-18-40-885-2,"WILKES-BARRE AREA SD","Luzerne                                           ",8380,9654
1-18-40-920-3,"WYOMING AREA SD","Luzerne                                           ",7111,7368
1-18-40-930-2,"WYOMING VALLEY WEST SD","Luzerne                                           ",7456,7853
1-17-41-200-3,"EAST LYCOMING SD","Lycoming                                          ",7064,7912
1-17-41-400-3,"JERSEY SHORE AREA SD","Lycoming                                          ",7311,8909
1-17-41-420-3,"LOYALSOCK TOWNSHIP SD","Lycoming                                          ",7795,9250
1-17-41-500-4,"MONTGOMERY AREA SD","Lycoming                                          ",8874,8667
1-17-41-510-3,"MONTOURSVILLE AREA SD","Lycoming                                          ",8191,8480
1-17-41-530-3,"MUNCY SD","Lycoming                                          ",8200,9400
1-17-41-610-3,"SOUTH WILLIAMSPORT AREA SD","Lycoming                                          ",7719,8253
1-17-41-720-2,"WILLIAMSPORT AREA SD","Lycoming                                          ",8342,8476
1-09-42-080-3,"BRADFORD AREA SD","McKean                                            ",7569,7479
1-09-42-230-3,"KANE AREA SD","McKean                                            ",7305,8846
1-09-42-600-3,"OTTO-ELDRED SD","McKean                                            ",8360,9027
1-09-42-630-3,"PORT ALLEGANY SD","McKean                                            ",7795,8286
1-09-42-750-3,"SMETHPORT AREA SD","McKean                                            ",7947,10073
1-04-43-130-4,"COMMODORE PERRY SD","Mercer                                            ",7773,7757
1-04-43-250-3,"FARRELL AREA SD","Mercer                                            ",9517,10926
1-04-43-280-3,"GREENVILLE AREA SD","Mercer                                            ",6433,7453
1-04-43-290-3,"GROVE CITY AREA SD","Mercer                                            ",6804,8182
1-04-43-330-3,"HERMITAGE SD","Mercer                                            ",7695,7432
1-04-43-360-4,"JAMESTOWN AREA SD","Mercer                                            ",7251,7699
1-04-43-390-3,"LAKEVIEW SD","Mercer                                            ",6169,7912
1-04-43-500-3,"MERCER AREA SD","Mercer                                            ",7930,7812
1-04-43-530-3,"REYNOLDS SD","Mercer                                            ",9112,7837
1-04-43-560-3,"SHARON CITY SD","Mercer                                            ",6879,7339
1-04-43-570-3,"SHARPSVILLE AREA SD","Mercer                                            ",7223,7698
1-04-43-750-3,"WEST MIDDLESEX AREA SD","Mercer                                            ",6930,7759
1-11-44-460-2,"MIFFLIN COUNTY SD","Mifflin                                           ",7029,7801
1-20-45-200-3,"EAST STROUDSBURG AREA SD","Monroe                                            ",9097,12495
1-20-45-520-3,"PLEASANT VALLEY SD","Monroe                                            ",8938,8005
1-20-45-540-3,"POCONO MOUNTAIN SD","Monroe                                            ",9929,10792
1-20-45-600-3,"STROUDSBURG AREA SD","Monroe                                            ",9895,9867
1-23-46-030-2,"ABINGTON  SD","Montgomery                                        ",11791,11444
1-23-46-050-4,"BRYN ATHYN SD","Montgomery                                        ",40642,40652
1-23-46-130-2,"CHELTENHAM TOWNSHIP SD","Montgomery                                        ",14427,13069
1-23-46-160-2,"COLONIAL SD","Montgomery                                        ",12284,12679
1-23-46-360-3,"HATBORO-HORSHAM SD","Montgomery                                        ",10692,11250
1-23-46-380-3,"JENKINTOWN SD","Montgomery                                        ",16478,17506
1-23-46-450-2,"LOWER MERION SD","Montgomery                                        ",16935,17325
1-23-46-460-3,"LOWER MORELAND TOWNSHIP SD","Montgomery                                        ",10110,11351
1-23-46-530-3,"METHACTON SD","Montgomery                                        ",11140,10706
1-23-46-560-2,"NORRISTOWN AREA SD","Montgomery                                        ",11253,10977
1-23-46-570-2,"NORTH PENN SD","Montgomery                                        ",10858,11091
1-23-46-610-3,"PERKIOMEN VALLEY SD","Montgomery                                        ",9524,9936
1-23-46-630-3,"POTTSGROVE SD","Montgomery                                        ",10233,11121
1-23-46-640-3,"POTTSTOWN SD","Montgomery                                        ",9724,10155
1-23-46-710-3,"SOUDERTON AREA SD","Montgomery                                        ",8843,9877
1-23-46-720-3,"SPRINGFIELD TOWNSHIP SD","Montgomery                                        ",14962,12085
1-23-46-730-3,"SPRING-FORD AREA SD","Montgomery                                        ",10240,9989
1-23-46-830-3,"UPPER DUBLIN SD","Montgomery                                        ",11281,10144
1-23-46-840-2,"UPPER MERION AREA SD","Montgomery                                        ",14054,13651
1-23-46-850-3,"UPPER MORELAND TOWNSHIP SD","Montgomery                                        ",10739,10480
1-23-46-860-3,"UPPER PERKIOMEN SD","Montgomery                                        ",9093,8918
1-23-46-930-3,"WISSAHICKON SD","Montgomery                                        ",12531,12685
1-16-47-180-3,"DANVILLE AREA SD","Montour                                           ",8767,8453
1-20-48-080-3,"BANGOR AREA SD","Northampton                                       ",7695,8612
1-20-48-100-2,"BETHLEHEM AREA SD","Northampton                                       ",8912,7988
1-20-48-330-2,"EASTON AREA SD","Northampton                                       ",8635,8855
1-20-48-480-3,"NAZARETH AREA SD","Northampton                                       ",8129,7451
1-20-48-490-3,"NORTHAMPTON AREA SD","Northampton                                       ",8284,8813
1-20-48-560-3,"PEN ARGYL AREA SD","Northampton                                       ",8610,8193
1-20-48-600-3,"SAUCON VALLEY SD","Northampton                                       ",10522,11368
1-20-48-860-3,"WILSON AREA SD","Northampton                                       ",8777,9337
1-16-49-350-3,"LINE MOUNTAIN SD","Northumberland                                    ",8532,9093
1-16-49-500-3,"MILTON AREA SD","Northumberland                                    ",7550,7956
1-16-49-510-3,"MOUNT CARMEL AREA SD","Northumberland                                    ",5598,6677
1-16-49-650-3,"SHAMOKIN AREA SD","Northumberland                                    ",6161,5825
1-16-49-660-3,"SHIKELLAMY SD","Northumberland                                    ",7821,8274
1-16-49-800-3,"WARRIOR RUN SD","Northumberland                                    ",7949,7710
1-15-50-300-4,"GREENWOOD SD","Perry                                             ",6949,7974
1-15-50-400-3,"NEWPORT SD","Perry                                             ",8632,8919
1-15-50-600-3,"SUSQUENITA SD","Perry                                             ",7614,7996
1-15-50-800-3,"WEST PERRY SD","Perry                                             ",7626,8184
1-26-51-500-1,"PHILADELPHIA CITY SD","Philadelphia                                      ",8065,8247
1-20-52-200-3,"DELAWARE VALLEY SD","Pike                                              ",7758,8190
1-09-53-030-4,"AUSTIN AREA SD","Potter                                            ",11995,10193
1-09-53-130-4,"COUDERSPORT AREA SD","Potter                                            ",8493,9176
1-09-53-280-4,"GALETON AREA SD","Potter                                            ",9972,11852
1-09-53-550-4,"NORTHERN POTTER SD","Potter                                            ",9699,9955
1-09-53-750-4,"OSWAYO VALLEY SD","Potter                                            ",8059,10079
1-29-54-080-3,"BLUE MOUNTAIN SD","Schuylkill                                        ",6601,8460
1-29-54-450-3,"MAHANOY AREA SD","Schuylkill                                        ",8729,9736
1-29-54-470-3,"MINERSVILLE AREA SD","Schuylkill                                        ",6620,7786
1-29-54-500-3,"NORTH SCHUYLKILL SD","Schuylkill                                        ",6456,7440
1-29-54-600-3,"PINE GROVE AREA SD","Schuylkill                                        ",7868,8391
1-29-54-610-3,"POTTSVILLE AREA SD","Schuylkill                                        ",6363,7436
1-29-54-680-3,"SAINT CLAIR AREA SD","Schuylkill                                        ",6957,9341
1-29-54-720-3,"SHENANDOAH VALLEY SD","Schuylkill                                        ",5518,7744
1-29-54-730-3,"SCHUYLKILL HAVEN AREA SD","Schuylkill                                        ",6849,8012
1-29-54-760-3,"TAMAQUA AREA SD","Schuylkill                                        ",7366,9133
1-29-54-780-3,"TRI-VALLEY SD","Schuylkill                                        ",9840,9560
1-29-54-880-3,"WILLIAMS VALLEY SD","Schuylkill                                        ",9211,9189
1-16-55-500-3,"MIDD-WEST SD","Snyder                                            ",7394,8410
1-16-55-710-3,"SELINSGROVE AREA SD","Snyder                                            ",7628,8194
1-08-56-100-3,"BERLIN BROTHERSVALLEY SD","Somerset                                          ",7029,7395
1-08-56-180-3,"CONEMAUGH TOWNSHIP AREA SD","Somerset                                          ",7925,8068
1-08-56-520-3,"MEYERSDALE AREA SD","Somerset                                          ",7432,8955
1-08-56-550-3,"NORTH STAR SD","Somerset                                          ",7998,7787
1-08-56-630-3,"ROCKWOOD AREA SD","Somerset                                          ",7168,8077
1-08-56-700-4,"SALISBURY-ELK LICK SD","Somerset                                          ",7171,7730
1-08-56-720-4,"SHADE-CENTRAL CITY SD","Somerset                                          ",7650,8338
1-08-56-740-4,"SHANKSVILLE-STONYCREEK SD","Somerset                                          ",8738,9500
1-08-56-770-3,"SOMERSET AREA SD","Somerset                                          ",7897,8456
1-08-56-840-4,"TURKEYFOOT VALLEY AREA SD","Somerset                                          ",8192,9769
1-08-56-910-3,"WINDBER AREA SD","Somerset                                          ",7703,7394
1-17-57-630-3,"SULLIVAN COUNTY SD","Sullivan                                          ",13136,12112
1-19-58-100-3,"BLUE RIDGE SD","Susquehanna                                       ",8979,9350
1-19-58-250-3,"ELK LAKE SD","Susquehanna                                       ",7764,8612
1-19-58-300-3,"FOREST CITY REGIONAL SD","Susquehanna                                       ",8790,9251
1-19-58-450-3,"MONTROSE AREA SD","Susquehanna                                       ",8701,8256
1-19-58-460-3,"MOUNTAIN VIEW SD","Susquehanna                                       ",8025,8607
1-19-58-650-3,"SUSQUEHANNA COMMUNITY SD","Susquehanna                                       ",8128,9897
1-17-59-600-3,"NORTHERN TIOGA SD","Tioga                                             ",7433,8063
1-17-59-700-3,"SOUTHERN TIOGA SD","Tioga                                             ",8365,8544
1-17-59-850-3,"WELLSBORO AREA SD","Tioga                                             ",8302,9140
1-16-60-400-3,"LEWISBURG AREA SD","Union                                             ",9839,9687
1-16-60-500-3,"MIFFLINBURG AREA SD","Union                                             ",7087,7740
1-06-61-130-3,"CRANBERRY AREA SD","Venango                                           ",8350,9424
1-06-61-220-3,"FRANKLIN AREA SD","Venango                                           ",8508,9597
1-06-61-620-3,"OIL CITY AREA SD","Venango                                           ",7834,7817
1-06-61-720-3,"TITUSVILLE AREA SD","Venango                                           ",7665,9212
1-06-61-860-3,"VALLEY GROVE SD","Venango                                           ",7848,8768
1-05-62-830-2,"WARREN COUNTY SD","Warren                                            ",7787,8927
1-01-63-050-4,"AVELLA AREA SD","Washington                                        ",8540,9897
1-01-63-090-3,"BENTWORTH SD","Washington                                        ",7980,8988
1-01-63-100-3,"BETHLEHEM-CENTER SD","Washington                                        ",7784,8627
1-01-63-120-3,"BURGETTSTOWN AREA SD","Washington                                        ",5881,7570
1-01-63-150-3,"CALIFORNIA AREA SD","Washington                                        ",7445,11313
1-01-63-170-3,"CANON-MCMILLAN SD","Washington                                        ",7996,7891
1-01-63-180-3,"CHARLEROI SD","Washington                                        ",7027,9102
1-01-63-190-3,"CHARTIERS-HOUSTON SD","Washington                                        ",7793,7947
1-01-63-240-3,"FORT CHERRY SD","Washington                                        ",8446,8959
1-01-63-390-3,"MCGUFFEY SD","Washington                                        ",7489,9721
1-01-63-650-3,"PETERS TOWNSHIP SD","Washington                                        ",6967,7601
1-01-63-700-2,"RINGGOLD SD","Washington                                        ",6730,8164
1-01-63-800-3,"TRINITY AREA SD","Washington                                        ",7332,8076
1-01-63-880-3,"WASHINGTON SD","Washington                                        ",7962,8348
1-19-64-830-3,"WALLENPAUPACK AREA SD","Wayne                                             ",9411,8687
1-19-64-870-3,"WAYNE HIGHLANDS SD","Wayne                                             ",8812,8605
1-19-64-890-3,"WESTERN WAYNE SD","Wayne                                             ",7746,9794
1-07-65-060-3,"BELLE VERNON AREA SD","Westmoreland                                      ",8528,7415
1-07-65-070-3,"BURRELL SD","Westmoreland                                      ",7248,8686
1-07-65-160-3,"DERRY AREA SD","Westmoreland                                      ",7236,7949
1-07-65-260-3,"FRANKLIN REGIONAL SD","Westmoreland                                      ",8024,7645
1-07-65-310-2,"GREATER LATROBE SD","Westmoreland                                      ",6832,7014
1-07-65-320-3,"GREENSBURG SALEM SD","Westmoreland                                      ",8786,7587
1-07-65-380-2,"HEMPFIELD AREA SD","Westmoreland                                      ",7400,9013
1-07-65-410-3,"JEANNETTE CITY SD","Westmoreland                                      ",8052,8458
1-07-65-440-3,"KISKI AREA SD","Westmoreland                                      ",7991,6672
1-07-65-490-3,"LIGONIER VALLEY SD","Westmoreland                                      ",7474,8311
1-07-65-580-3,"MONESSEN CITY SD","Westmoreland                                      ",7942,9106
1-07-65-590-3,"MOUNT PLEASANT AREA SD","Westmoreland                                      ",8484,8096
1-07-65-630-3,"NEW KENSINGTON-ARNOLD SD","Westmoreland                                      ",7300,9298
1-07-65-650-2,"NORWIN SD","Westmoreland                                      ",6812,7224
1-07-65-710-3,"PENN-TRAFFORD SD","Westmoreland                                      ",7466,7464
1-07-65-750-3,"SOUTHMORELAND SD","Westmoreland                                      ",7173,7660
1-07-65-890-3,"YOUGH SD","Westmoreland                                      ",6863,7473
1-18-66-750-3,"TUNKHANNOCK AREA SD","Wyoming                                           ",8997,8793
1-19-66-500-3,"LACKAWANNA TRAIL SD","Wyoming                                           ",9290,10211
1-12-67-130-3,"CENTRAL YORK SD","York                                              ",7434,8333
1-12-67-160-3,"DALLASTOWN AREA SD","York                                              ",9174,9438
1-12-67-180-3,"DOVER AREA SD","York                                              ",7853,8954
1-12-67-220-3,"EASTERN YORK SD","York                                              ",8101,8703
1-12-67-280-3,"HANOVER PUBLIC SD","York                                              ",10134,11160
1-12-67-440-3,"NORTHEASTERN YORK SD","York                                              ",8199,8269
1-12-67-550-3,"RED LION AREA SD","York                                              ",7958,8927
1-12-67-620-3,"SOUTH EASTERN SD","York                                              ",8874,8111
1-12-67-640-3,"SOUTH WESTERN SD","York                                              ",8023,8350
1-12-67-650-3,"SOUTHERN YORK COUNTY SD","York                                              ",8647,8915
1-12-67-670-3,"SPRING GROVE AREA SD","York                                              ",7780,7846
1-12-67-850-3,"WEST YORK AREA SD","York                                              ",7704,8156
1-12-67-900-2,"YORK CITY SD","York                                              ",7781,8580
1-12-67-940-3,"YORK SUBURBAN SD","York                                              ",10454,11471
1-15-21-900-2,"WEST SHORE SD","York                                              ",7662,8207
1-15-67-460-3,"NORTHERN YORK COUNTY SD","York                                              ",7824,7858
